ip,status,error,timeTaken
10.0.156.4,success,,2960.65
10.0.129.101,success,,2959.60
10.0.156.14,success,,2963.12
10.0.157.32,success,,2961.73
10.0.156.10,success,,2963.36
10.0.156.5,success,,2962.90
10.0.156.32,success,,2961.17
10.0.158.11,success,,2963.37
10.0.156.66,success,,2961.13
10.0.158.14,success,,2964.63
10.0.156.40,success,,2960.66
10.0.156.13,success,,2964.18
10.0.156.31,success,,2962.99
10.0.156.21,success,,2964.30
10.0.158.10,success,,2964.37
10.0.158.33,success,,2963.02
10.0.156.29,success,,2964.19
10.0.156.3,success,,2967.68
10.0.156.30,success,,2964.99
10.0.156.20,success,,2965.60
10.0.158.8,success,,2966.67
10.0.156.12,success,,2968.73
10.0.156.28,success,,2966.92
10.0.158.16,success,,2968.16
10.0.158.5,success,,2969.08
10.0.156.11,success,,2970.39
10.0.158.47,success,,2967.24
10.0.158.17,success,,2970.37
10.0.156.22,success,,2969.75
10.0.156.2,success,,2970.23
10.0.158.15,success,,2971.58
10.0.156.39,success,,2967.30
10.0.156.19,success,,2970.25
10.0.156.49,success,,2969.30
10.0.158.23,success,,2969.97
10.0.158.61,success,,2969.31
10.0.158.35,success,,2970.01
10.0.158.18,success,,2973.61
10.0.156.68,success,,2969.03
10.0.158.72,success,,2971.46
10.0.158.7,success,,2973.74
10.0.158.28,success,,2972.40
10.0.158.37,success,,2971.40
10.0.158.69,success,,2971.80
10.0.158.22,success,,2972.33
10.0.156.65,success,,2972.59
10.0.158.12,success,,2975.16
10.0.158.9,success,,2975.13
10.0.158.32,success,,2974.26
10.0.158.36,success,,2974.87
10.0.158.20,success,,2975.13
10.0.158.2,success,,2976.81
10.0.158.31,success,,2974.75
10.0.158.44,success,,2977.70
10.0.156.64,success,,2976.25
10.0.158.65,success,,2976.68
10.0.158.6,success,,2980.49
10.0.158.13,success,,2982.59
10.0.158.34,success,,2978.50
10.0.158.27,success,,2980.04
10.0.156.67,success,,2980.04
10.0.158.4,success,,2982.04
10.0.158.41,success,,2978.06
10.0.158.30,success,,2981.14
10.0.156.38,success,,2979.75
10.0.158.56,success,,2980.79
10.0.156.82,success,,2979.54
10.0.157.46,success,,2979.77
10.0.158.45,success,,2981.63
10.0.158.62,success,,2983.46
10.0.158.52,success,,2982.63
10.0.158.29,success,,2982.43
10.0.156.37,success,,2983.20
10.0.158.39,success,,2982.29
10.0.156.73,success,,2979.97
10.0.158.25,success,,2982.82
10.0.156.41,success,,2984.77
10.0.158.60,success,,2982.57
10.0.156.75,success,,2981.06
10.0.158.24,success,,2983.73
10.0.158.50,success,,2981.12
10.0.158.53,success,,2984.94
10.0.158.70,success,,2985.90
10.0.158.55,success,,2983.90
10.0.156.1,success,,2990.33
10.0.158.66,success,,2984.80
10.0.158.78,success,,2982.38
10.0.158.64,success,,2984.24
10.0.158.42,success,,2984.18
10.0.156.50,success,,2984.92
10.0.158.59,success,,2986.03
10.0.156.77,success,,2984.73
10.0.158.77,success,,2983.70
10.0.158.46,success,,2988.30
10.0.155.79,success,,2983.32
10.0.158.83,success,,2985.46
10.0.158.74,success,,2985.06
10.0.129.103,success,,2984.93
10.0.158.67,success,,2987.85
10.0.158.85,success,,2986.57
10.0.158.1,success,,2996.82
10.0.158.87,success,,2986.26
10.0.158.49,success,,2990.01
10.0.158.51,success,,2990.71
10.0.158.88,success,,2988.23
10.0.156.83,success,,2989.80
10.0.155.71,success,,2987.45
10.0.158.21,success,,2992.05
10.0.155.72,success,,2987.10
10.0.158.19,success,,2991.62
10.0.158.48,success,,2990.23
10.0.158.90,success,,2991.09
10.0.158.43,success,,2997.55
10.0.158.63,success,,2992.10
10.0.158.80,success,,2992.70
10.0.156.85,success,,2993.88
10.0.129.102,success,,2993.47
10.0.158.40,success,,2995.97
10.0.156.74,success,,2994.52
10.0.158.75,success,,2993.64
10.0.156.84,success,,2995.28
10.0.156.76,success,,2996.63
10.0.158.57,success,,2998.01
10.0.155.75,success,,2993.93
10.0.158.71,success,,2998.36
10.0.158.86,success,,2995.78
10.0.155.83,success,,2992.91
10.0.155.89,success,,2993.38
10.0.155.84,success,,2995.26
10.0.155.73,success,,2995.61
10.0.158.38,success,,2999.67
10.0.158.68,success,,2999.77
10.0.158.79,success,,2997.53
10.0.155.80,success,,2996.52
10.0.155.88,success,,2997.44
10.0.156.55,success,,2997.21
10.0.155.90,success,,2996.83
10.0.155.81,success,,2998.26
10.0.155.67,success,,2998.20
10.0.155.149,success,,2996.14
10.0.158.84,success,,2999.57
10.0.156.56,success,,2998.92
10.0.158.58,success,,3001.77
10.0.158.76,success,,3000.62
10.0.158.54,success,,3003.02
10.0.155.87,success,,2998.97
10.0.155.78,success,,2999.46
10.0.156.58,success,,3000.13
10.0.155.65,success,,3000.98
10.0.156.48,success,,3000.35
10.0.155.68,success,,3001.32
10.0.156.43,success,,3000.27
10.0.158.73,success,,3004.04
10.0.155.76,success,,3002.18
10.0.161.156,success,,2998.06
10.0.156.59,success,,3004.21
10.0.155.86,success,,3002.65
10.0.155.138,success,,3002.13
10.0.155.74,success,,3003.62
10.0.156.47,success,,3003.81
10.0.156.44,success,,3003.46
10.0.156.46,success,,3004.49
10.0.156.57,success,,3004.95
10.0.155.69,success,,3005.80
10.0.155.143,success,,3003.17
10.0.155.137,success,,3003.44
10.0.161.113,success,,3002.70
10.0.155.139,success,,3005.93
10.0.155.82,success,,3008.39
10.0.156.42,success,,3007.99
10.0.155.152,success,,3009.23
10.0.161.142,success,,3006.33
10.0.155.70,success,,3011.40
10.0.161.110,success,,3005.77
10.0.155.146,success,,3010.52
10.0.129.104,success,,3005.95
10.0.156.52,success,,3009.21
10.0.155.144,success,,3010.39
10.0.160.100,success,,3008.59
10.0.156.45,success,,3011.61
10.0.157.60,success,,3011.21
10.0.155.77,success,,3013.05
10.0.155.145,success,,3012.63
10.0.155.127,success,,3012.39
10.0.156.51,success,,3012.86
10.0.161.92,success,,3011.79
10.0.161.166,success,,3011.50
10.0.160.109,success,,3009.19
10.0.155.140,success,,3014.10
10.0.157.44,success,,3016.27
10.0.160.99,success,,3013.35
10.0.162.143,success,,3009.76
10.0.155.136,success,,3014.80
10.0.162.147,success,,3012.22
10.0.162.127,success,,3014.00
10.0.155.148,success,,3016.66
10.0.161.170,success,,3013.72
10.0.155.147,success,,3016.70
10.0.155.66,success,,3016.52
10.0.155.150,success,,3017.78
10.0.158.81,success,,3021.82
10.0.162.136,success,,3016.12
10.0.155.85,success,,3020.13
10.0.161.162,success,,3016.68
10.0.163.177,success,,3017.87
10.0.161.116,success,,3018.37
10.0.160.118,success,,3012.38
10.0.129.105,success,,3011.93
10.0.161.135,success,,3018.78
10.0.162.118,success,,3020.40
10.0.155.141,success,,3021.69
10.0.162.130,success,,3020.76
10.0.161.98,success,,3021.87
10.0.161.94,success,,3021.97
10.0.161.171,success,,3021.17
10.0.160.102,success,,3022.20
10.0.162.119,success,,3022.58
10.0.161.148,success,,3020.83
10.0.160.134,success,,3022.46
10.0.157.59,success,,3025.24
10.0.160.129,success,,3022.23
10.0.160.141,success,,3023.52
10.0.160.172,success,,3022.86
10.0.161.114,success,,3025.28
10.0.160.130,success,,3023.12
10.0.160.122,success,,3019.36
10.0.161.128,success,,3023.67
10.0.155.142,success,,3028.05
10.0.161.111,success,,3024.53
10.0.161.130,success,,3022.04
10.0.155.128,success,,3029.52
10.0.161.161,success,,3026.39
10.0.160.119,success,,3025.00
10.0.161.127,success,,3027.79
10.0.155.151,success,,3031.81
10.0.161.125,success,,3027.15
10.0.161.101,success,,3021.35
10.0.161.141,success,,3027.49
10.0.161.138,success,,3026.39
10.0.160.173,success,,3029.30
10.0.160.113,success,,3028.75
10.0.160.107,success,,3024.05
10.0.160.132,success,,3030.95
10.0.160.178,success,,3031.52
10.0.161.169,success,,3032.81
10.0.161.144,success,,3028.09
10.0.161.176,success,,3033.29
10.0.161.179,success,,3032.66
10.0.160.121,success,,3024.20
10.0.160.111,success,,3032.61
10.0.160.127,success,,3032.09
10.0.160.140,success,,3027.91
10.0.162.146,success,,3025.71
10.0.160.170,success,,3033.55
10.0.161.150,success,,3036.21
10.0.160.135,success,,3034.77
10.0.161.100,success,,3029.09
10.0.161.146,success,,3030.99
10.0.161.137,success,,3030.58
10.0.160.139,success,,3029.87
10.0.161.102,success,,3030.75
10.0.161.177,success,,3036.36
10.0.160.103,success,,3032.03
10.0.161.108,success,,3032.20
10.0.162.148,success,,3039.91
10.0.162.145,success,,3033.16
10.0.160.169,success,,3038.98
10.0.160.171,success,,3040.27
10.0.162.140,success,,3035.69
10.0.160.106,success,,3035.21
10.0.160.123,success,,3039.24
10.0.160.115,success,,3039.20
10.0.160.175,success,,3036.90
10.0.112.102,success,,3029.93
10.0.161.107,success,,3036.96
10.0.162.141,success,,3035.29
10.0.161.129,success,,3034.82
10.0.117.104,success,,3032.29
10.0.161.120,success,,3032.57
10.0.161.106,success,,3038.92
10.0.160.164,success,,3035.23
10.0.161.117,success,,3041.52
10.0.160.108,success,,3043.41
10.0.161.131,success,,3041.50
10.0.162.137,success,,3041.75
10.0.161.133,success,,3041.68
10.0.161.136,success,,3041.88
10.0.162.110,success,,3040.29
10.0.112.101,success,,3037.18
10.0.160.131,success,,3044.38
10.0.161.132,success,,3043.76
10.0.161.160,success,,3048.08
10.0.161.164,success,,3042.49
10.0.160.138,success,,3043.52
10.0.162.150,success,,3046.60
10.0.161.152,success,,3046.43
10.0.161.180,success,,3045.14
10.0.160.112,success,,3042.44
10.0.163.175,success,,3044.69
10.0.160.153,success,,3047.15
10.0.163.173,success,,3044.32
10.0.161.123,success,,3047.22
10.0.160.179,success,,3047.36
10.0.161.174,success,,3044.34
10.0.160.117,success,,3047.36
10.0.161.118,success,,3045.75
10.0.160.174,success,,3048.87
10.0.161.140,success,,3049.54
10.0.162.149,success,,3051.93
10.0.160.133,success,,3051.64
10.0.162.120,success,,3049.47
10.0.160.110,success,,3050.15
10.0.160.94,success,,3048.01
10.0.160.95,success,,3048.09
10.0.160.136,success,,3053.37
10.0.161.143,success,,3054.51
10.0.161.172,success,,3050.95
10.0.117.105,success,,3047.11
10.0.160.165,success,,3052.31
10.0.161.105,success,,3049.88
10.0.161.112,success,,3052.77
10.0.163.180,success,,3052.16
10.0.161.165,success,,3052.93
10.0.161.145,success,,3054.43
10.0.161.119,success,,3051.16
10.0.161.178,success,,3063.98
10.0.161.103,success,,3053.74
10.0.160.137,success,,3055.44
10.0.160.180,success,,3056.45
10.0.160.96,success,,3053.37
10.0.161.139,success,,3066.00
10.0.160.163,success,,3054.72
10.0.160.98,success,,3054.74
10.0.161.168,success,,3058.44
10.0.161.122,success,,3053.63
10.0.161.97,success,,3056.48
10.0.161.159,success,,3057.14
10.0.161.96,success,,3060.32
10.0.160.105,success,,3061.86
10.0.162.129,success,,3058.97
10.0.160.125,success,,3061.99
10.0.160.166,success,,3061.66
10.0.161.124,success,,3062.10
10.0.158.26,success,,3085.65
10.0.163.46,success,,3056.80
10.0.155.153,success,,3077.52
10.0.161.91,success,,3061.49
10.0.160.126,success,,3061.32
10.0.161.104,success,,3062.41
10.0.160.177,success,,3062.01
10.0.161.167,success,,3062.78
10.0.162.50,success,,3060.46
10.0.160.92,success,,3063.56
10.0.162.139,success,,3065.11
10.0.160.91,success,,3062.90
10.0.161.95,success,,3064.82
10.0.161.134,success,,3068.73
10.0.160.168,success,,3067.24
10.0.163.88,success,,3061.52
10.0.162.47,success,,3063.39
10.0.160.116,success,,3066.30
10.0.163.52,success,,3061.66
10.0.161.155,success,,3065.14
10.0.162.138,success,,3065.85
10.0.160.124,success,,3067.83
10.0.163.28,success,,3064.30
10.0.160.142,success,,3073.18
10.0.162.53,success,,3065.45
10.0.163.90,success,,3064.73
10.0.160.144,success,,3068.96
10.0.160.93,success,,3068.05
10.0.162.153,success,,3069.05
10.0.161.115,success,,3068.81
10.0.163.35,success,,3064.27
10.0.161.109,success,,3069.39
10.0.163.64,success,,3066.00
10.0.160.120,success,,3070.99
10.0.160.128,success,,3071.04
10.0.160.114,success,,3070.62
10.0.163.82,success,,3068.32
10.0.163.16,success,,3066.91
10.0.163.89,success,,3070.07
10.0.161.149,success,,3072.21
10.0.162.49,success,,3071.82
10.0.160.101,success,,3073.77
10.0.163.32,success,,3071.41
10.0.163.18,success,,3068.52
10.0.163.70,success,,3071.19
10.0.162.54,success,,3072.97
10.0.163.54,success,,3072.67
10.0.163.87,success,,3073.91
10.0.163.13,success,,3072.61
10.0.161.157,success,,3077.64
10.0.162.48,success,,3077.43
10.0.163.86,success,,3075.11
10.0.163.65,success,,3075.51
10.0.163.48,success,,3075.89
10.0.163.29,success,,3078.15
10.0.160.104,success,,3079.59
10.0.163.12,success,,3075.55
10.0.163.31,success,,3078.93
10.0.163.49,success,,3078.21
10.0.163.30,success,,3079.69
10.0.163.51,success,,3078.57
10.0.163.71,success,,3079.70
10.0.161.154,success,,3082.95
10.0.163.83,success,,3080.88
10.0.163.67,success,,3079.77
10.0.160.176,success,,3085.31
10.0.162.82,success,,3079.32
10.0.162.31,success,,3079.10
10.0.163.50,success,,3081.10
10.0.162.52,success,,3085.11
10.0.162.34,success,,3079.73
10.0.161.147,success,,3092.22
10.0.162.86,success,,3081.06
10.0.163.85,success,,3082.86
10.0.155.25,success,,3080.83
10.0.162.83,success,,3081.90
10.0.163.11,success,,3083.69
10.0.155.135,success,,3081.03
10.0.163.69,success,,3083.99
10.0.162.64,success,,3082.44
10.0.162.46,success,,3082.20
10.0.163.84,success,,3087.09
10.0.163.53,success,,3086.14
10.0.162.68,success,,3084.08
10.0.155.134,success,,3083.25
10.0.163.33,success,,3088.59
10.0.155.129,success,,3083.34
10.0.163.14,success,,3086.16
10.0.161.121,success,,3094.16
10.0.163.34,success,,3087.07
10.0.162.35,success,,3086.17
10.0.163.68,success,,3088.07
10.0.140.59,success,,3081.38
10.0.156.23,success,,3085.03
10.0.163.47,success,,3089.68
10.0.161.173,success,,3103.52
10.0.155.131,success,,3086.69
10.0.155.123,success,,3086.45
10.0.156.7,success,,3085.30
10.0.163.15,success,,3092.93
10.0.160.162,success,,3091.70
10.0.163.10,success,,3093.90
10.0.140.47,success,,3090.91
10.0.156.16,success,,3091.29
10.0.162.32,success,,3093.21
10.0.163.17,success,,3095.28
10.0.162.30,success,,3093.96
10.0.162.66,success,,3094.97
10.0.161.6,success,,3092.29
10.0.162.36,success,,3095.31
10.0.162.72,success,,3096.10
10.0.155.124,success,,3094.54
10.0.162.65,success,,3095.85
10.0.162.28,success,,3096.65
10.0.157.136,success,,3094.27
10.0.155.121,success,,3096.47
10.0.155.132,success,,3097.06
10.0.163.66,success,,3100.91
10.0.162.51,success,,3104.40
10.0.155.122,success,,3098.01
10.0.161.158,success,,3110.06
10.0.114.109,success,,3093.97
10.0.162.70,success,,3100.62
10.0.162.67,success,,3099.79
10.0.140.53,success,,3096.13
10.0.156.86,success,,3099.15
10.0.140.49,success,,3098.97
10.0.155.130,success,,3100.25
10.0.115.108,success,,3097.40
10.0.162.33,success,,3102.29
10.0.114.101,success,,3100.06
10.0.129.113,success,,3094.71
10.0.162.84,success,,3105.54
10.0.140.48,success,,3102.55
10.0.157.37,success,,3103.42
10.0.115.109,success,,3099.94
10.0.115.106,success,,3101.47
10.0.140.54,success,,3101.36
10.0.162.85,success,,3107.00
10.0.140.61,success,,3101.39
10.0.155.120,success,,3105.72
10.0.140.67,success,,3101.41
10.0.162.89,success,,3105.28
10.0.140.50,success,,3104.95
10.0.163.1,success,,3105.51
10.0.140.57,success,,3103.86
10.0.157.45,success,,3107.20
10.0.114.107,success,,3104.08
10.0.129.106,success,,3101.21
10.0.140.60,success,,3104.90
10.0.140.72,success,,3105.71
10.0.162.90,success,,3110.47
10.0.162.88,success,,3111.23
10.0.161.5,success,,3111.13
10.0.129.108,success,,3105.42
10.0.161.7,success,,3112.08
10.0.140.68,success,,3109.32
10.0.114.102,success,,3113.77
10.0.114.108,success,,3112.85
10.0.129.110,success,,3110.36
10.0.129.111,success,,3110.66
10.0.155.119,success,,3118.60
10.0.114.103,success,,3116.66
10.0.161.9,success,,3117.97
10.0.140.64,success,,3115.34
10.0.129.112,success,,3112.27
10.0.129.114,success,,3112.30
10.0.129.107,success,,3113.50
10.0.115.105,success,,3118.35
10.0.140.76,success,,3115.30
10.0.140.73,success,,3116.56
10.0.140.69,success,,3117.14
10.0.140.65,success,,3117.91
10.0.162.87,success,,3122.01
10.0.140.77,success,,3116.82
10.0.115.110,success,,3118.67
10.0.129.109,success,,3116.09
10.0.115.111,success,,3119.15
10.0.114.105,success,,3121.24
10.0.129.120,success,,3115.68
10.0.114.104,success,,3122.05
10.0.114.106,success,,3121.74
10.0.140.66,success,,3120.89
10.0.115.102,success,,3123.55
10.0.115.101,success,,3124.10
10.0.140.51,success,,3124.06
10.0.115.104,success,,3124.04
10.0.140.74,success,,3121.63
10.0.140.63,success,,3123.59
10.0.140.75,success,,3123.68
10.0.155.92,success,,3124.66
10.0.129.115,success,,3122.06
10.0.161.8,success,,3129.28
10.0.140.71,success,,3125.87
10.0.155.168,success,,3121.47
10.0.140.62,success,,3127.41
10.0.140.80,success,,3125.27
10.0.155.133,success,,3132.77
10.0.140.58,success,,3128.93
10.0.129.117,success,,3124.48
10.0.129.122,success,,3123.60
10.0.140.55,success,,3132.19
10.0.155.177,success,,3125.17
10.0.129.119,success,,3128.02
10.0.129.126,success,,3126.78
10.0.155.166,success,,3127.60
10.0.140.52,success,,3134.73
10.0.129.116,success,,3129.88
10.0.140.79,success,,3132.13
10.0.129.121,success,,3129.91
10.0.129.123,success,,3129.17
10.0.155.169,success,,3128.32
10.0.156.92,success,,3129.91
10.0.156.98,success,,3128.81
10.0.140.81,success,,3134.05
10.0.115.103,success,,3138.83
10.0.155.155,success,,3131.12
10.0.140.83,success,,3135.16
10.0.129.127,success,,3132.13
10.0.140.70,success,,3138.61
10.0.140.84,success,,3137.43
10.0.140.82,success,,3138.24
10.0.156.95,success,,3137.49
10.0.155.176,success,,3135.03
10.0.155.167,success,,3135.39
10.0.155.115,success,,3140.87
10.0.155.91,success,,3141.13
10.0.117.106,success,,3134.29
10.0.156.120,success,,3135.39
10.0.156.110,success,,3136.38
10.0.155.163,success,,3139.66
10.0.155.173,success,,3140.64
10.0.155.179,success,,3139.76
10.0.155.156,success,,3143.89
10.0.115.107,success,,3148.61
10.0.155.180,success,,3142.63
10.0.155.164,success,,3142.51
10.0.155.175,success,,3141.49
10.0.155.172,success,,3142.17
10.0.129.118,success,,3144.45
10.0.155.165,success,,3144.99
10.0.155.178,success,,3142.90
10.0.156.118,success,,3142.03
10.0.156.116,success,,3142.26
10.0.155.94,success,,3149.16
10.0.158.82,success,,3145.06
10.0.156.106,success,,3142.91
10.0.156.117,success,,3143.63
10.0.155.171,success,,3145.61
10.0.156.97,success,,3145.11
10.0.156.151,success,,3143.58
10.0.156.93,success,,3145.86
10.0.156.103,success,,3148.48
10.0.156.107,success,,3147.83
10.0.140.78,success,,3155.31
10.0.156.135,success,,3148.18
10.0.156.101,success,,3151.24
10.0.156.142,success,,3149.70
10.0.155.174,success,,3153.25
10.0.156.102,success,,3153.19
10.0.156.111,success,,3153.25
10.0.156.112,success,,3155.30
10.0.156.115,success,,3155.78
10.0.156.131,success,,3155.53
10.0.156.113,success,,3157.68
10.0.155.154,success,,3162.24
10.0.156.105,success,,3158.30
10.0.156.109,success,,3158.92
10.0.156.133,success,,3157.17
10.0.162.106,success,,3155.53
10.0.156.114,success,,3159.95
10.0.156.104,success,,3161.08
10.0.156.119,success,,3160.31
10.0.156.147,success,,3160.12
10.0.156.91,success,,3162.44
10.0.156.121,success,,3160.92
10.0.156.96,success,,3162.75
10.0.155.170,success,,3165.93
10.0.156.152,success,,3160.08
10.0.156.130,success,,3160.73
10.0.156.99,success,,3164.67
10.0.156.149,success,,3162.67
10.0.156.153,success,,3161.04
10.0.156.127,success,,3162.71
10.0.156.141,success,,3163.11
10.0.156.137,success,,3164.31
10.0.156.123,success,,3162.90
10.0.156.122,success,,3162.56
10.0.162.133,success,,3161.57
10.0.162.134,success,,3162.65
10.0.156.140,success,,3164.58
10.0.156.126,success,,3163.74
10.0.156.125,success,,3164.71
10.0.156.144,success,,3166.32
10.0.156.129,success,,3166.56
10.0.156.94,success,,3170.47
10.0.156.146,success,,3167.14
10.0.157.145,success,,3163.70
10.0.156.132,success,,3169.85
10.0.162.123,success,,3166.70
10.0.156.145,success,,3170.45
10.0.156.150,success,,3169.77
10.0.162.128,success,,3169.71
10.0.163.174,success,,3171.32
10.0.162.125,success,,3169.70
10.0.162.144,success,,3170.86
10.0.156.138,success,,3174.95
10.0.156.148,success,,3172.68
10.0.156.139,success,,3175.04
10.0.162.109,success,,3171.16
10.0.162.121,success,,3173.24
10.0.162.105,success,,3171.72
10.0.162.115,success,,3172.57
10.0.162.126,success,,3173.26
10.0.156.128,success,,3175.16
10.0.162.135,success,,3175.25
10.0.162.112,success,,3175.10
10.0.162.131,success,,3175.62
10.0.162.107,success,,3174.64
10.0.156.143,success,,3176.79
10.0.156.162,success,,3177.49
10.0.162.101,success,,3175.83
10.0.162.124,success,,3177.10
10.0.157.160,success,,3174.11
10.0.140.86,success,,3173.80
10.0.157.132,success,,3173.74
10.0.157.153,success,,3175.74
10.0.156.134,success,,3180.45
10.0.162.102,success,,3177.01
10.0.157.147,success,,3176.52
10.0.162.151,success,,3180.31
10.0.157.97,success,,3175.62
10.0.162.142,success,,3181.74
10.0.157.149,success,,3178.48
10.0.162.114,success,,3181.33
10.0.157.99,success,,3176.20
10.0.157.152,success,,3179.83
10.0.157.131,success,,3178.62
10.0.156.100,success,,3187.85
10.0.157.141,success,,3179.50
10.0.162.104,success,,3182.98
10.0.162.113,success,,3182.78
10.0.162.117,success,,3184.27
10.0.157.105,success,,3178.00
10.0.157.122,success,,3180.06
10.0.157.150,success,,3183.29
10.0.162.122,success,,3184.08
10.0.162.103,success,,3184.26
10.0.157.156,success,,3182.82
10.0.157.154,success,,3184.27
10.0.162.116,success,,3186.56
10.0.157.110,success,,3182.81
10.0.157.135,success,,3185.67
10.0.162.108,success,,3189.53
10.0.157.148,success,,3187.80
10.0.157.144,success,,3186.55
10.0.156.136,success,,3192.75
10.0.162.71,success,,3211.25
10.0.157.98,success,,3187.07
10.0.157.96,success,,3186.72
10.0.157.157,success,,3191.36
10.0.157.158,success,,3190.80
10.0.157.140,success,,3189.93
10.0.157.124,success,,3188.25
10.0.157.116,success,,3189.47
10.0.157.94,success,,3189.23
10.0.157.151,success,,3192.85
10.0.157.113,success,,3189.72
10.0.157.162,success,,3192.87
10.0.156.124,success,,3198.16
10.0.158.144,success,,3188.63
10.0.157.118,success,,3191.29
10.0.157.114,success,,3191.81
10.0.157.91,success,,3192.52
10.0.158.159,success,,3189.52
10.0.157.142,success,,3192.30
10.0.157.109,success,,3193.64
10.0.157.125,success,,3193.28
10.0.157.119,success,,3192.55
10.0.157.146,success,,3197.44
10.0.157.143,success,,3196.09
10.0.157.108,success,,3193.88
10.0.157.107,success,,3193.89
10.0.157.111,success,,3195.96
10.0.157.128,success,,3196.41
10.0.158.151,success,,3192.74
10.0.162.132,success,,3200.35
10.0.157.155,success,,3199.21
10.0.157.161,success,,3199.78
10.0.157.127,success,,3198.07
10.0.157.112,success,,3197.80
10.0.157.106,success,,3198.34
10.0.158.145,success,,3195.84
10.0.157.101,success,,3196.83
10.0.158.133,success,,3196.45
10.0.157.137,success,,3198.54
10.0.157.115,success,,3199.52
10.0.157.100,success,,3198.60
10.0.157.159,success,,3198.05
10.0.157.120,success,,3199.84
10.0.157.121,success,,3201.33
10.0.157.139,success,,3202.58
10.0.158.153,success,,3196.92
10.0.157.163,success,,3201.62
10.0.158.177,success,,3199.83
10.0.156.173,success,,3199.45
10.0.157.92,success,,3202.35
10.0.157.176,success,,3200.53
10.0.157.103,success,,3202.67
10.0.157.126,success,,3205.00
10.0.158.148,success,,3202.84
10.0.157.93,success,,3203.42
10.0.157.138,success,,3203.52
10.0.158.113,success,,3198.90
10.0.156.179,success,,3203.66
10.0.158.168,success,,3203.31
10.0.157.168,success,,3203.70
10.0.157.167,success,,3204.49
10.0.158.134,success,,3205.03
10.0.157.178,success,,3204.11
10.0.157.102,success,,3206.61
10.0.157.130,success,,3209.84
10.0.158.147,success,,3205.68
10.0.156.178,success,,3203.37
10.0.157.177,success,,3204.59
10.0.158.169,success,,3206.23
10.0.158.167,success,,3206.45
10.0.157.166,success,,3207.49
10.0.158.163,success,,3206.63
10.0.157.129,success,,3211.93
10.0.158.176,success,,3205.89
10.0.156.177,success,,3207.35
10.0.158.162,success,,3207.52
10.0.156.174,success,,3207.39
10.0.158.172,success,,3208.85
10.0.157.172,success,,3207.88
10.0.158.171,success,,3207.53
10.0.156.160,success,,3209.23
10.0.158.142,success,,3209.48
10.0.158.150,success,,3209.11
10.0.156.168,success,,3211.44
10.0.158.152,success,,3211.30
10.0.156.157,success,,3211.20
10.0.162.100,success,,3220.44
10.0.157.179,success,,3211.26
10.0.162.29,success,,3211.98
10.0.157.104,success,,3216.09
10.0.158.155,success,,3212.85
10.0.158.139,success,,3213.32
10.0.158.157,success,,3215.38
10.0.158.161,success,,3214.61
10.0.162.111,success,,3225.46
10.0.158.105,success,,3213.33
10.0.158.166,success,,3216.89
10.0.157.95,success,,3220.89
10.0.157.169,success,,3212.75
10.0.157.174,success,,3215.85
10.0.158.121,success,,3214.85
10.0.158.115,success,,3215.69
10.0.158.143,success,,3217.51
10.0.156.175,success,,3217.38
10.0.158.132,success,,3218.22
10.0.158.123,success,,3217.16
10.0.158.136,success,,3217.23
10.0.156.170,success,,3218.37
10.0.156.158,success,,3221.15
10.0.157.164,success,,3221.94
10.0.158.96,success,,3217.91
10.0.156.164,success,,3219.90
10.0.158.93,success,,3218.19
10.0.157.180,success,,3220.35
10.0.156.166,success,,3218.60
10.0.158.129,success,,3221.61
10.0.156.169,success,,3220.11
10.0.158.141,success,,3219.23
10.0.158.103,success,,3221.56
10.0.158.107,success,,3221.77
10.0.158.117,success,,3222.35
10.0.158.165,success,,3220.95
10.0.158.94,success,,3223.27
10.0.156.172,success,,3224.57
10.0.157.173,success,,3222.62
10.0.156.171,success,,3222.66
10.0.158.92,success,,3223.45
10.0.158.114,success,,3219.70
10.0.158.97,success,,3224.93
10.0.158.154,success,,3221.70
10.0.158.101,success,,3225.47
10.0.158.118,success,,3222.09
10.0.156.180,success,,3224.64
10.0.156.165,success,,3227.70
10.0.158.175,success,,3226.15
10.0.156.155,success,,3225.68
10.0.156.161,success,,3225.37
10.0.158.131,success,,3227.67
10.0.156.176,success,,3231.15
10.0.158.158,success,,3227.62
10.0.158.138,success,,3230.74
10.0.158.164,success,,3229.38
10.0.158.112,success,,3232.53
10.0.157.170,success,,3230.82
10.0.158.135,success,,3231.55
10.0.158.178,success,,3231.04
10.0.158.124,success,,3229.08
10.0.158.127,success,,3229.13
10.0.158.91,success,,3230.19
10.0.158.146,success,,3232.35
10.0.156.156,success,,3233.21
10.0.158.104,success,,3230.22
10.0.158.95,success,,3235.40
10.0.158.106,success,,3231.75
10.0.156.167,success,,3233.65
10.0.156.163,success,,3234.05
10.0.158.130,success,,3234.44
10.0.163.153,success,,3231.19
10.0.158.174,success,,3232.40
10.0.158.180,success,,3234.44
10.0.158.173,success,,3236.28
10.0.158.116,success,,3239.02
10.0.158.179,success,,3238.39
10.0.156.159,success,,3236.44
10.0.158.108,success,,3234.85
10.0.161.4,success,,3236.86
10.0.163.172,success,,3234.26
10.0.158.110,success,,3236.76
10.0.158.100,success,,3236.80
10.0.158.122,success,,3236.50
10.0.157.175,success,,3240.24
10.0.157.171,success,,3239.34
10.0.158.140,success,,3237.15
10.0.158.102,success,,3238.08
10.0.158.149,success,,3240.36
10.0.158.126,success,,3238.73
10.0.158.156,success,,3246.36
10.0.161.2,success,,3240.94
10.0.140.88,success,,3241.27
10.0.156.154,success,,3242.20
10.0.158.119,success,,3242.14
10.0.158.137,success,,3241.75
10.0.161.3,success,,3243.67
10.0.158.120,success,,3243.47
10.0.163.128,success,,3240.34
10.0.163.149,success,,3242.79
10.0.158.170,success,,3248.63
10.0.158.111,success,,3244.67
10.0.158.98,success,,3244.92
10.0.163.162,success,,3244.14
10.0.158.128,success,,3246.66
10.0.163.165,success,,3245.54
10.0.163.169,success,,3245.97
10.0.163.150,success,,3245.01
10.0.163.146,success,,3244.87
10.0.163.157,success,,3244.39
10.0.163.155,success,,3245.22
10.0.163.136,success,,3244.67
10.0.163.137,success,,3245.36
10.0.163.168,success,,3247.66
10.0.163.115,success,,3245.10
10.0.157.117,success,,3260.65
10.0.163.179,success,,3249.02
10.0.158.99,success,,3250.55
10.0.158.109,success,,3250.76
10.0.163.160,success,,3249.27
10.0.157.133,success,,3244.76
10.0.163.131,success,,3248.53
10.0.163.178,success,,3251.06
10.0.163.133,success,,3249.55
10.0.163.130,success,,3249.87
10.0.163.176,success,,3252.00
10.0.163.154,success,,3251.58
10.0.163.147,success,,3252.00
10.0.163.166,success,,3252.98
10.0.163.142,success,,3251.95
10.0.163.151,success,,3253.70
10.0.163.170,success,,3255.04
10.0.163.144,success,,3254.07
10.0.158.160,success,,3258.98
10.0.163.117,success,,3252.85
10.0.163.163,success,,3255.80
10.0.163.159,success,,3255.28
10.0.163.134,success,,3255.82
10.0.163.148,success,,3255.79
10.0.163.167,success,,3257.33
10.0.163.140,success,,3255.94
10.0.163.127,success,,3255.58
10.0.163.126,success,,3255.53
10.0.163.143,success,,3257.22
10.0.163.152,success,,3259.88
10.0.163.116,success,,3257.99
10.0.163.124,success,,3258.15
10.0.163.138,success,,3259.76
10.0.163.97,success,,3258.52
10.0.163.129,success,,3260.53
10.0.163.108,success,,3258.43
10.0.163.161,success,,3261.86
10.0.158.125,success,,3264.81
10.0.163.114,success,,3260.59
10.0.163.164,success,,3264.18
10.0.163.106,success,,3259.75
10.0.163.109,success,,3260.02
10.0.163.125,success,,3262.45
10.0.162.156,success,,3260.15
10.0.162.170,success,,3262.27
10.0.162.161,success,,3262.35
10.0.163.118,success,,3262.61
10.0.163.132,success,,3265.62
10.0.163.110,success,,3263.55
10.0.163.141,success,,3266.43
10.0.163.113,success,,3266.04
10.0.163.103,success,,3265.00
10.0.163.145,success,,3268.37
10.0.163.93,success,,3266.70
10.0.162.168,success,,3264.41
10.0.163.112,success,,3266.90
10.0.163.158,success,,3269.96
10.0.163.156,success,,3270.24
10.0.163.100,success,,3266.97
10.0.163.139,success,,3270.12
10.0.163.98,success,,3269.20
10.0.163.120,success,,3268.73
10.0.163.99,success,,3267.96
10.0.161.12,success,,3266.84
10.0.163.171,success,,3274.61
10.0.162.167,success,,3269.17
10.0.162.152,success,,3269.08
10.0.161.23,success,,3268.61
10.0.163.135,success,,3274.34
10.0.161.16,success,,3268.88
10.0.162.160,success,,3272.24
10.0.163.121,success,,3272.40
10.0.162.165,success,,3270.96
10.0.163.94,success,,3272.10
10.0.163.96,success,,3274.59
10.0.117.116,success,,3268.00
10.0.163.122,success,,3276.43
10.0.161.21,success,,3274.04
10.0.161.26,success,,3274.92
10.0.163.102,success,,3276.54
10.0.163.123,success,,3278.81
10.0.163.101,success,,3276.13
10.0.163.119,success,,3279.25
10.0.162.162,success,,3277.69
10.0.162.166,success,,3277.16
10.0.162.163,success,,3275.07
10.0.161.45,success,,3277.07
10.0.161.29,success,,3276.46
10.0.161.15,success,,3278.30
10.0.162.175,success,,3276.22
10.0.162.158,success,,3281.41
10.0.160.148,success,,3277.19
10.0.163.92,success,,3280.18
10.0.163.104,success,,3280.21
10.0.162.154,success,,3278.02
10.0.162.179,success,,3278.23
10.0.162.92,success,,3278.76
10.0.161.22,success,,3280.23
10.0.162.171,success,,3281.97
10.0.161.30,success,,3280.38
10.0.161.17,success,,3282.07
10.0.161.11,success,,3281.65
10.0.161.10,success,,3282.98
10.0.117.117,success,,3278.21
10.0.110.104,success,,3277.25
10.0.117.118,success,,3278.79
10.0.163.105,success,,3286.11
10.0.162.97,success,,3281.13
10.0.162.159,success,,3286.09
10.0.110.114,success,,3278.80
10.0.161.20,success,,3285.14
10.0.161.34,success,,3285.56
10.0.117.108,success,,3283.76
10.0.162.180,success,,3286.26
10.0.105.101,success,,3281.51
10.0.161.14,success,,3289.59
10.0.161.18,success,,3289.40
10.0.162.172,success,,3286.96
10.0.117.107,success,,3286.32
10.0.160.154,success,,3289.88
10.0.161.36,success,,3292.27
10.0.117.110,success,,3288.79
10.0.161.35,success,,3292.51
10.0.161.25,success,,3292.95
10.0.161.33,success,,3293.03
10.0.160.157,success,,3291.18
10.0.161.28,success,,3293.58
10.0.117.115,success,,3290.75
10.0.117.109,success,,3291.53
10.0.117.113,success,,3291.67
10.0.160.156,success,,3294.38
10.0.162.174,success,,3293.04
10.0.161.44,success,,3297.60
10.0.161.32,success,,3296.75
10.0.129.200,success,,3290.85
10.0.160.150,success,,3299.07
10.0.162.173,success,,3299.49
10.0.161.175,success,,3296.97
10.0.161.27,success,,3302.93
10.0.110.113,success,,3296.80
10.0.162.98,success,,3300.32
10.0.155.125,success,,3298.99
10.0.161.19,success,,3303.89
10.0.104.102,success,,3299.92
10.0.161.153,success,,3300.29
10.0.110.105,success,,3299.83
10.0.162.178,success,,3303.95
10.0.162.164,success,,3303.42
10.0.160.161,success,,3306.00
10.0.160.149,success,,3305.30
10.0.104.111,success,,3299.97
10.0.160.145,success,,3306.37
10.0.163.95,success,,3310.74
10.0.162.99,success,,3306.39
10.0.160.160,success,,3308.59
10.0.163.111,success,,3312.91
10.0.110.107,success,,3304.03
10.0.160.167,success,,3308.86
10.0.160.159,success,,3308.44
10.0.157.123,success,,3305.99
10.0.117.112,success,,3308.25
10.0.117.111,success,,3309.01
10.0.110.102,success,,3307.91
10.0.111.104,success,,3307.88
10.0.110.109,success,,3309.71
10.0.104.110,success,,3311.65
10.0.104.107,success,,3308.62
10.0.110.110,success,,3310.86
10.0.110.112,success,,3311.11
10.0.110.117,success,,3311.05
10.0.161.13,success,,3317.96
10.0.104.109,success,,3313.81
10.0.160.146,success,,3317.13
10.0.162.96,success,,3316.34
10.0.110.111,success,,3313.29
10.0.161.31,success,,3318.93
10.0.110.101,success,,3314.65
10.0.110.106,success,,3314.52
10.0.110.103,success,,3315.15
10.0.160.147,success,,3318.72
10.0.110.108,success,,3315.36
10.0.110.115,success,,3315.21
10.0.111.106,success,,3314.97
10.0.161.126,success,,3317.53
10.0.162.91,success,,3319.72
10.0.104.106,success,,3318.80
10.0.138.165,success,,3316.73
10.0.110.116,success,,3317.85
10.0.160.158,success,,3322.56
10.0.162.177,success,,3323.74
10.0.104.101,success,,3322.21
10.0.162.94,success,,3323.37
10.0.161.93,success,,3322.29
10.0.162.95,success,,3324.25
10.0.157.165,success,,3337.16
10.0.163.107,success,,3331.90
10.0.160.155,success,,3325.28
10.0.111.103,success,,3321.50
10.0.69.79,success,,3319.73
10.0.110.119,success,,3322.88
10.0.162.157,success,,3331.99
10.0.106.102,success,,3322.67
10.0.104.108,success,,3324.18
10.0.139.18,success,,3326.29
10.0.106.101,success,,3324.16
10.0.162.93,success,,3328.30
10.0.69.69,success,,3322.05
10.0.111.105,success,,3326.60
10.0.69.53,success,,3324.64
10.0.107.101,success,,3327.03
10.0.110.118,success,,3327.78
10.0.110.120,success,,3327.56
10.0.69.64,success,,3325.37
10.0.69.77,success,,3325.27
10.0.155.12,success,,3330.02
10.0.69.51,success,,3326.82
10.0.69.52,success,,3327.09
10.0.110.122,success,,3328.15
10.0.138.164,success,,3330.41
10.0.104.105,success,,3333.06
10.0.69.78,success,,3328.98
10.0.162.176,success,,3337.14
10.0.117.114,success,,3335.59
10.0.23.242,success,,3331.09
10.0.69.87,success,,3328.74
10.0.101.101,success,,3332.70
10.0.138.168,success,,3332.38
10.0.104.112,success,,3333.87
10.0.104.104,success,,3333.87
10.0.140.94,success,,3335.44
10.0.69.54,success,,3333.11
10.0.110.121,success,,3335.00
10.0.23.243,success,,3333.86
10.0.69.55,success,,3333.78
10.0.140.96,success,,3334.72
10.0.69.76,success,,3333.95
10.0.69.75,success,,3333.27
10.0.69.74,success,,3333.76
10.0.69.81,success,,3334.50
10.0.69.63,success,,3334.26
10.0.69.57,success,,3334.88
10.0.138.166,success,,3338.40
10.0.161.80,success,,3338.20
10.0.69.80,success,,3336.85
10.0.69.93,success,,3335.76
10.0.69.65,success,,3337.00
10.0.69.58,success,,3337.22
10.0.161.24,success,,3348.68
10.0.69.72,success,,3339.07
10.0.69.59,success,,3339.19
10.0.69.67,success,,3340.39
10.0.69.89,success,,3341.07
10.0.69.71,success,,3343.35
10.0.69.91,success,,3341.64
10.0.69.90,success,,3341.77
10.0.138.167,success,,3346.75
10.0.69.94,success,,3343.57
10.0.69.9,success,,3342.42
10.0.69.1,success,,3343.64
10.0.69.7,success,,3343.90
10.0.69.2,success,,3343.35
10.0.69.84,success,,3344.14
10.0.69.92,success,,3344.34
10.0.160.29,success,,3348.74
10.0.160.12,success,,3349.24
10.0.69.66,success,,3347.20
10.0.160.46,success,,3349.78
10.0.69.56,success,,3347.40
10.0.69.6,success,,3346.66
10.0.69.5,success,,3346.09
10.0.69.95,success,,3347.91
10.0.140.97,success,,3350.71
10.0.69.68,success,,3350.24
10.0.161.69,success,,3351.93
10.0.69.85,success,,3349.37
10.0.161.43,success,,3352.11
10.0.161.163,success,,3356.14
10.0.69.11,success,,3348.79
10.0.69.86,success,,3349.56
10.0.69.70,success,,3352.24
10.0.69.4,success,,3350.21
10.0.69.82,success,,3350.49
10.0.162.169,success,,3358.12
10.0.160.26,success,,3355.69
10.0.69.15,success,,3351.12
10.0.69.10,success,,3352.42
10.0.69.21,success,,3352.50
10.0.69.13,success,,3353.10
10.0.69.16,success,,3353.62
10.0.69.18,success,,3353.60
10.0.69.61,success,,3353.60
10.0.69.96,success,,3356.48
10.0.160.20,success,,3359.66
10.0.69.73,success,,3359.08
10.0.69.98,success,,3358.41
10.0.69.97,success,,3357.81
10.0.69.22,success,,3357.04
10.0.69.50,success,,3361.74
10.0.24.254,success,,3356.87
10.0.25.14,success,,3356.88
10.0.69.19,success,,3358.77
10.0.25.5,success,,3358.60
10.0.162.155,success,,3370.60
10.0.69.8,success,,3361.60
10.0.25.10,success,,3358.74
10.0.69.62,success,,3360.18
10.0.161.87,success,,3365.91
10.0.69.12,success,,3361.68
10.0.69.3,success,,3362.06
10.0.69.60,success,,3361.55
10.0.25.16,success,,3360.06
10.0.24.246,success,,3361.78
10.0.25.24,success,,3360.50
10.0.25.67,success,,3358.80
10.0.69.17,success,,3364.24
10.0.69.83,success,,3365.54
10.0.24.252,success,,3364.66
10.0.24.255,success,,3365.33
10.0.25.26,success,,3364.30
10.0.25.1,success,,3365.41
10.0.69.14,success,,3367.39
10.0.25.6,success,,3365.97
10.0.25.49,success,,3363.58
10.0.24.251,success,,3367.27
10.0.25.13,success,,3366.38
10.0.25.9,success,,3368.03
10.0.24.249,success,,3368.02
10.0.25.15,success,,3367.51
10.0.25.7,success,,3368.01
10.0.25.46,success,,3366.38
10.0.25.20,success,,3368.02
10.0.25.29,success,,3367.75
10.0.25.60,success,,3366.48
10.0.69.20,success,,3371.35
10.0.69.99,success,,3372.34
10.0.25.11,success,,3367.17
10.0.25.55,success,,3368.85
10.0.69.88,success,,3375.12
10.0.24.248,success,,3373.52
10.0.25.21,success,,3372.10
10.0.25.37,success,,3371.44
10.0.24.247,success,,3374.61
10.0.25.27,success,,3372.94
10.0.25.36,success,,3372.50
10.0.25.79,success,,3370.95
10.0.25.19,success,,3370.67
10.0.25.23,success,,3373.89
10.0.25.51,success,,3373.54
10.0.25.63,success,,3371.82
10.0.25.38,success,,3375.21
10.0.25.61,success,,3372.90
10.0.25.43,success,,3375.48
10.0.25.18,success,,3377.98
10.0.25.22,success,,3377.80
10.0.25.0,success,,3379.29
10.0.25.33,success,,3377.77
10.0.25.31,success,,3378.19
10.0.25.58,success,,3376.33
10.0.25.74,success,,3376.78
10.0.25.45,success,,3377.94
10.0.25.41,success,,3378.63
10.0.25.70,success,,3377.88
10.0.25.3,success,,3378.54
10.0.25.71,success,,3378.45
10.0.25.53,success,,3377.57
10.0.25.12,success,,3378.47
10.0.25.34,success,,3381.24
10.0.25.32,success,,3382.20
10.0.25.28,success,,3382.30
10.0.25.87,success,,3377.85
10.0.25.40,success,,3381.73
10.0.25.68,success,,3379.33
10.0.24.253,success,,3385.04
10.0.25.42,success,,3380.70
10.0.25.117,success,,3376.94
10.0.25.83,success,,3380.44
10.0.25.52,success,,3382.06
10.0.25.59,success,,3383.48
10.0.25.30,success,,3388.30
10.0.25.76,success,,3386.23
10.0.25.35,success,,3387.09
10.0.25.8,success,,3388.66
10.0.25.66,success,,3390.29
10.0.25.64,success,,3390.05
10.0.25.99,success,,3387.52
10.0.25.50,success,,3389.92
10.0.25.4,success,,3391.81
10.0.25.48,success,,3391.35
10.0.25.111,success,,3386.97
10.0.25.39,success,,3391.25
10.0.25.56,success,,3390.95
10.0.25.86,success,,3390.87
10.0.25.123,success,,3387.55
10.0.25.104,success,,3390.11
10.0.25.72,success,,3392.32
10.0.25.54,success,,3395.25
10.0.25.2,success,,3398.79
10.0.25.102,success,,3391.91
10.0.25.82,success,,3393.44
10.0.25.119,success,,3390.97
10.0.25.75,success,,3394.84
10.0.25.57,success,,3395.66
10.0.25.85,success,,3395.00
10.0.25.78,success,,3395.66
10.0.25.89,success,,3395.49
10.0.25.92,success,,3395.71
10.0.25.80,success,,3396.77
10.0.25.17,success,,3398.86
10.0.25.93,success,,3397.14
10.0.25.96,success,,3397.60
10.0.25.125,success,,3395.51
10.0.25.84,success,,3399.51
10.0.25.108,success,,3399.45
10.0.25.177,success,,3396.29
10.0.25.77,success,,3401.91
10.0.25.122,success,,3398.80
10.0.25.65,success,,3403.04
10.0.25.69,success,,3405.16
10.0.25.90,success,,3402.63
10.0.25.105,success,,3403.74
10.0.25.91,success,,3404.64
10.0.25.134,success,,3401.79
10.0.25.109,success,,3404.88
10.0.25.25,success,,3408.12
10.0.25.170,success,,3401.66
10.0.25.129,success,,3403.60
10.0.25.103,success,,3406.40
10.0.25.126,success,,3404.36
10.0.25.110,success,,3405.78
10.0.25.159,success,,3403.70
10.0.25.88,success,,3408.78
10.0.25.121,success,,3406.18
10.0.25.81,success,,3410.03
10.0.25.101,success,,3410.08
10.0.25.130,success,,3408.21
10.0.25.120,success,,3410.25
10.0.25.176,success,,3408.07
10.0.25.138,success,,3411.22
10.0.25.127,success,,3412.77
10.0.25.218,success,,3412.10
10.0.25.149,success,,3411.79
10.0.25.206,success,,3413.37
10.0.25.113,success,,3418.78
10.0.25.115,success,,3417.48
10.0.25.163,success,,3414.52
10.0.25.112,success,,3418.40
10.0.25.128,success,,3418.12
10.0.25.197,success,,3414.33
10.0.25.143,success,,3418.06
10.0.25.146,success,,3416.72
10.0.25.135,success,,3420.36
10.0.25.124,success,,3421.84
10.0.25.132,success,,3421.90
10.0.25.140,success,,3422.18
10.0.25.139,success,,3422.47
10.0.25.106,success,,3426.26
10.0.25.151,success,,3423.05
10.0.25.160,success,,3422.39
10.0.25.154,success,,3422.56
10.0.25.199,success,,3423.54
10.0.25.47,success,,3430.35
10.0.25.107,success,,3428.09
10.0.25.147,success,,3426.24
10.0.25.133,success,,3428.09
10.0.25.165,success,,3427.01
10.0.25.162,success,,3424.32
10.0.25.95,success,,3431.57
10.0.25.62,success,,3433.66
10.0.25.144,success,,3425.50
10.0.25.212,success,,3428.32
10.0.25.189,success,,3428.44
10.0.25.131,success,,3430.33
10.0.25.73,success,,3434.85
10.0.25.136,success,,3430.61
10.0.25.116,success,,3432.23
10.0.25.156,success,,3428.28
10.0.25.145,success,,3429.32
10.0.25.137,success,,3431.90
10.0.25.168,success,,3430.02
10.0.25.166,success,,3427.83
10.0.25.174,success,,3432.61
10.0.25.167,success,,3430.42
10.0.25.155,success,,3431.19
10.0.25.158,success,,3429.77
10.0.25.184,success,,3433.53
10.0.25.44,success,,3443.86
10.0.25.194,success,,3435.33
10.0.25.195,success,,3432.06
10.0.25.150,success,,3431.77
10.0.25.204,success,,3434.97
10.0.25.152,success,,3436.22
10.0.25.205,success,,3434.97
10.0.25.198,success,,3432.53
10.0.25.222,success,,3431.94
10.0.25.251,success,,3431.31
10.0.25.173,success,,3435.77
10.0.25.196,success,,3435.73
10.0.25.157,success,,3438.48
10.0.25.142,success,,3440.12
10.0.25.183,success,,3436.50
10.0.25.193,success,,3435.97
10.0.25.235,success,,3434.16
10.0.25.200,success,,3441.86
10.0.25.182,success,,3439.92
10.0.26.0,success,,3436.94
10.0.25.242,success,,3436.65
10.0.25.148,success,,3441.34
10.0.25.118,success,,3447.08
10.0.25.186,success,,3442.65
10.0.25.220,success,,3439.94
10.0.26.3,success,,3438.78
10.0.25.209,success,,3443.45
10.0.25.202,success,,3444.75
10.0.25.215,success,,3443.34
10.0.25.216,success,,3443.05
10.0.25.153,success,,3445.47
10.0.25.161,success,,3447.57
10.0.25.246,success,,3441.58
10.0.25.250,success,,3441.37
10.0.25.231,success,,3443.65
10.0.25.185,success,,3440.27
10.0.25.172,success,,3447.16
10.0.25.180,success,,3447.29
10.0.25.211,success,,3446.45
10.0.26.8,success,,3442.50
10.0.25.236,success,,3446.04
10.0.25.169,success,,3449.92
10.0.25.217,success,,3447.73
10.0.26.158,success,,3440.29
10.0.26.20,success,,3443.87
10.0.25.207,success,,3451.80
10.0.25.239,success,,3446.88
10.0.25.227,success,,3448.78
10.0.26.1,success,,3447.72
10.0.25.190,success,,3450.26
10.0.25.225,success,,3449.97
10.0.25.192,success,,3451.34
10.0.25.226,success,,3450.40
10.0.26.12,success,,3450.02
10.0.25.175,success,,3456.48
10.0.25.221,success,,3452.38
10.0.26.33,success,,3448.63
10.0.25.229,success,,3455.37
10.0.25.249,success,,3454.56
10.0.26.7,success,,3455.03
10.0.25.230,success,,3457.49
10.0.25.201,success,,3459.49
10.0.26.19,success,,3457.26
10.0.26.157,success,,3451.23
10.0.26.151,success,,3451.39
10.0.25.164,success,,3461.10
10.0.26.153,success,,3452.68
10.0.26.160,success,,3452.35
10.0.25.208,success,,3465.36
10.0.25.253,success,,3460.36
10.0.25.245,success,,3457.09
10.0.26.35,success,,3460.53
10.0.26.156,success,,3454.52
10.0.26.147,success,,3455.31
10.0.26.148,success,,3455.55
10.0.25.238,success,,3462.18
10.0.26.4,success,,3460.23
10.0.25.232,success,,3461.23
10.0.26.167,success,,3455.97
10.0.25.237,success,,3462.45
10.0.26.30,success,,3459.00
10.0.25.181,success,,3460.23
10.0.25.219,success,,3470.61
10.0.25.223,success,,3468.63
10.0.25.188,success,,3463.32
10.0.25.141,success,,3475.41
10.0.26.150,success,,3462.07
10.0.25.244,success,,3467.27
10.0.26.17,success,,3466.18
10.0.25.240,success,,3468.88
10.0.26.15,success,,3466.72
10.0.26.152,success,,3464.41
10.0.26.28,success,,3465.52
10.0.26.18,success,,3468.01
10.0.26.32,success,,3466.70
10.0.25.203,success,,3474.23
10.0.26.149,success,,3466.01
10.0.26.250,success,,3464.07
10.0.25.254,success,,3471.59
10.0.25.241,success,,3473.38
10.0.26.13,success,,3472.19
10.0.26.165,success,,3467.41
10.0.26.161,success,,3468.23
10.0.26.171,success,,3467.57
10.0.26.11,success,,3473.08
10.0.26.168,success,,3468.68
10.0.25.247,success,,3475.26
10.0.26.16,success,,3474.37
10.0.26.2,success,,3474.64
10.0.26.154,success,,3471.13
10.0.26.22,success,,3474.49
10.0.26.29,success,,3474.55
10.0.26.5,success,,3476.97
10.0.25.234,success,,3478.28
10.0.26.10,success,,3479.85
10.0.26.31,success,,3478.86
10.0.25.178,success,,3488.42
10.0.25.187,success,,3479.24
10.0.25.214,success,,3484.81
10.0.25.228,success,,3483.95
10.0.26.229,success,,3474.72
10.0.26.27,success,,3480.04
10.0.27.3,success,,3475.54
10.0.26.34,success,,3482.03
10.0.25.179,success,,3481.45
10.0.26.26,success,,3482.35
10.0.26.206,success,,3478.52
10.0.28.121,success,,3477.40
10.0.26.162,success,,3480.32
10.0.26.21,success,,3483.28
10.0.26.217,success,,3479.54
10.0.26.163,success,,3480.90
10.0.26.224,success,,3480.91
10.0.25.98,success,,3484.55
10.0.25.243,success,,3489.36
10.0.26.24,success,,3485.74
10.0.26.9,success,,3486.37
10.0.25.100,success,,3488.55
10.0.26.155,success,,3487.87
10.0.26.222,success,,3486.55
10.0.26.234,success,,3487.75
10.0.26.202,success,,3488.36
10.0.26.219,success,,3489.34
10.0.26.223,success,,3490.20
10.0.26.208,success,,3490.91
10.0.26.231,success,,3487.40
10.0.26.36,success,,3494.23
10.0.26.170,success,,3492.44
10.0.26.247,success,,3489.20
10.0.26.205,success,,3490.73
10.0.28.132,success,,3496.00
10.0.26.166,success,,3494.13
10.0.25.213,success,,3503.60
10.0.26.244,success,,3492.52
10.0.26.239,success,,3493.15
10.0.26.212,success,,3494.09
10.0.26.211,success,,3492.88
10.0.25.255,success,,3501.62
10.0.28.128,success,,3498.37
10.0.26.213,success,,3494.35
10.0.26.227,success,,3494.40
10.0.27.4,success,,3495.42
10.0.25.171,success,,3503.10
10.0.26.216,success,,3495.66
10.0.26.204,success,,3497.82
10.0.27.1,success,,3496.15
10.0.26.218,success,,3500.18
10.0.26.232,success,,3498.18
10.0.26.226,success,,3498.44
10.0.26.169,success,,3502.11
10.0.26.230,success,,3499.09
10.0.26.237,success,,3499.18
10.0.26.240,success,,3498.76
10.0.26.94,success,,3505.94
10.0.26.235,success,,3498.59
10.0.26.241,success,,3499.83
10.0.25.252,success,,3511.57
10.0.26.249,success,,3500.09
10.0.26.210,success,,3504.63
10.0.26.252,success,,3503.62
10.0.26.254,success,,3501.22
10.0.25.248,success,,3514.04
10.0.26.220,success,,3505.28
10.0.26.203,success,,3505.96
10.0.26.207,success,,3506.80
10.0.26.209,success,,3506.99
10.0.27.2,success,,3505.81
10.0.27.5,success,,3504.85
10.0.27.20,success,,3504.18
10.0.26.228,success,,3507.59
10.0.26.95,success,,3515.01
10.0.27.0,success,,3506.84
10.0.26.255,success,,3509.48
10.0.27.10,success,,3508.28
10.0.27.8,success,,3508.71
10.0.27.11,success,,3508.88
10.0.26.243,success,,3510.34
10.0.26.214,success,,3512.53
10.0.26.248,success,,3510.74
10.0.25.97,success,,3518.73
10.0.27.22,success,,3509.94
10.0.26.251,success,,3511.90
10.0.27.7,success,,3511.80
10.0.26.225,success,,3512.70
10.0.26.246,success,,3513.16
10.0.27.25,success,,3510.94
10.0.27.57,success,,3511.14
10.0.26.236,success,,3513.94
10.0.26.242,success,,3514.83
10.0.27.12,success,,3514.30
10.0.27.15,success,,3513.86
10.0.26.253,success,,3514.94
10.0.27.17,success,,3514.93
10.0.27.9,success,,3515.99
10.0.27.13,success,,3515.36
10.0.27.28,success,,3516.97
10.0.26.25,success,,3529.60
10.0.27.54,success,,3517.95
10.0.27.29,success,,3518.41
10.0.27.47,success,,3519.01
10.0.27.18,success,,3520.17
10.0.27.64,success,,3519.19
10.0.27.75,success,,3519.00
10.0.27.21,success,,3521.40
10.0.27.100,success,,3519.10
10.0.27.72,success,,3520.73
10.0.26.23,success,,3532.80
10.0.27.62,success,,3520.62
10.0.27.82,success,,3521.08
10.0.27.81,success,,3522.07
10.0.27.83,success,,3522.26
10.0.27.53,success,,3521.16
10.0.27.40,success,,3522.61
10.0.27.93,success,,3522.59
10.0.27.14,success,,3525.80
10.0.27.27,success,,3524.66
10.0.27.94,success,,3523.39
10.0.26.221,success,,3533.17
10.0.27.55,success,,3524.46
10.0.27.46,success,,3524.61
10.0.27.60,success,,3526.68
10.0.27.33,success,,3527.64
10.0.27.65,success,,3527.86
10.0.27.95,success,,3527.08
10.0.27.19,success,,3528.88
10.0.27.101,success,,3526.35
10.0.27.26,success,,3526.94
10.0.27.102,success,,3529.67
10.0.27.50,success,,3531.25
10.0.27.66,success,,3530.12
10.0.27.31,success,,3528.85
10.0.27.38,success,,3530.31
10.0.27.16,success,,3534.05
10.0.26.245,success,,3537.48
10.0.27.104,success,,3530.18
10.0.27.68,success,,3533.07
10.0.27.91,success,,3532.72
10.0.27.74,success,,3530.65
10.0.25.191,success,,3558.43
10.0.27.36,success,,3532.86
10.0.26.233,success,,3540.86
10.0.27.41,success,,3531.70
10.0.27.59,success,,3535.34
10.0.27.42,success,,3532.96
10.0.27.51,success,,3533.84
10.0.27.24,success,,3536.07
10.0.27.67,success,,3536.03
10.0.27.69,success,,3534.14
10.0.27.92,success,,3536.93
10.0.27.96,success,,3534.25
10.0.27.89,success,,3536.73
10.0.27.87,success,,3534.60
10.0.27.23,success,,3538.40
10.0.27.86,success,,3539.03
10.0.27.48,success,,3540.14
10.0.27.97,success,,3539.53
10.0.27.45,success,,3540.98
10.0.27.44,success,,3540.82
10.0.27.90,success,,3544.97
10.0.27.80,success,,3541.07
10.0.27.70,success,,3541.25
10.0.27.78,success,,3540.42
10.0.27.32,success,,3543.98
10.0.27.43,success,,3544.40
10.0.27.79,success,,3544.57
10.0.27.49,success,,3542.81
10.0.27.85,success,,3542.98
10.0.27.58,success,,3544.12
10.0.27.30,success,,3543.64
10.0.27.35,success,,3545.12
10.0.27.39,success,,3544.24
10.0.27.84,success,,3546.32
10.0.27.189,success,,3544.63
10.0.27.163,success,,3544.59
10.0.27.34,success,,3551.11
10.0.27.37,success,,3549.82
10.0.27.166,success,,3547.72
10.0.27.98,success,,3550.95
10.0.27.103,success,,3552.28
10.0.27.99,success,,3554.07
10.0.27.137,success,,3548.72
10.0.27.155,success,,3551.08
10.0.27.126,success,,3552.02
10.0.27.73,success,,3553.05
10.0.27.76,success,,3553.29
10.0.27.138,success,,3552.85
10.0.27.193,success,,3552.73
10.0.27.151,success,,3553.47
10.0.27.61,success,,3557.05
10.0.27.56,success,,3554.86
10.0.27.124,success,,3553.84
10.0.27.77,success,,3555.36
10.0.27.156,success,,3553.96
10.0.27.52,success,,3556.22
10.0.27.134,success,,3556.39
10.0.27.161,success,,3554.07
10.0.27.154,success,,3555.25
10.0.27.71,success,,3560.27
10.0.27.176,success,,3556.29
10.0.27.118,success,,3554.53
10.0.27.130,success,,3553.95
10.0.27.194,success,,3557.94
10.0.27.169,success,,3556.05
10.0.27.159,success,,3557.46
10.0.27.157,success,,3556.83
10.0.27.188,success,,3559.44
10.0.27.136,success,,3559.58
10.0.27.178,success,,3560.80
10.0.27.111,success,,3559.00
10.0.27.162,success,,3558.89
10.0.27.168,success,,3561.54
10.0.27.164,success,,3561.83
10.0.27.171,success,,3562.59
10.0.27.179,success,,3565.61
10.0.27.133,success,,3563.21
10.0.27.185,success,,3560.38
10.0.27.121,success,,3563.11
10.0.27.140,success,,3563.92
10.0.27.135,success,,3564.88
10.0.27.125,success,,3564.10
10.0.27.120,success,,3567.50
10.0.27.170,success,,3568.35
10.0.27.131,success,,3564.47
10.0.27.182,success,,3565.30
10.0.27.183,success,,3565.67
10.0.27.165,success,,3569.62
10.0.27.158,success,,3570.17
10.0.27.192,success,,3567.29
10.0.27.129,success,,3568.74
10.0.27.187,success,,3565.63
10.0.27.116,success,,3566.73
10.0.27.150,success,,3568.38
10.0.27.167,success,,3567.90
10.0.27.229,success,,3566.03
10.0.27.190,success,,3567.93
10.0.27.175,success,,3568.78
10.0.27.143,success,,3572.28
10.0.27.145,success,,3570.38
10.0.27.200,success,,3567.82
10.0.27.112,success,,3572.72
10.0.27.115,success,,3572.10
10.0.27.142,success,,3572.77
10.0.27.207,success,,3570.58
10.0.27.174,success,,3572.92
10.0.27.160,success,,3572.76
10.0.27.127,success,,3574.90
10.0.27.177,success,,3576.76
10.0.27.110,success,,3577.66
10.0.27.117,success,,3578.63
10.0.27.132,success,,3579.77
10.0.27.114,success,,3579.31
10.0.27.139,success,,3576.70
10.0.27.197,success,,3577.24
10.0.27.144,success,,3582.06
10.0.27.198,success,,3576.59
10.0.27.238,success,,3577.38
10.0.27.195,success,,3578.73
10.0.27.223,success,,3576.65
10.0.27.204,success,,3577.89
10.0.27.173,success,,3579.22
10.0.27.119,success,,3581.77
10.0.27.141,success,,3583.67
10.0.27.199,success,,3578.92
10.0.27.222,success,,3580.42
10.0.27.211,success,,3580.49
10.0.27.213,success,,3578.61
10.0.27.180,success,,3582.19
10.0.27.186,success,,3583.26
10.0.27.172,success,,3583.91
10.0.27.208,success,,3581.90
10.0.27.123,success,,3585.58
10.0.27.232,success,,3584.20
10.0.27.221,success,,3583.28
10.0.27.128,success,,3587.22
10.0.27.152,success,,3588.38
10.0.27.216,success,,3584.77
10.0.27.205,success,,3584.63
10.0.27.233,success,,3586.02
10.0.27.234,success,,3584.46
10.0.27.239,success,,3585.95
10.0.27.201,success,,3584.86
10.0.27.226,success,,3588.59
10.0.27.236,success,,3587.81
10.0.27.181,success,,3590.55
10.0.27.224,success,,3586.22
10.0.27.235,success,,3588.94
10.0.27.219,success,,3588.80
10.0.27.231,success,,3591.95
10.0.27.217,success,,3590.99
10.0.27.225,success,,3590.39
10.0.27.210,success,,3589.70
10.0.27.228,success,,3590.92
10.0.27.215,success,,3590.63
10.0.27.146,success,,3594.66
10.0.27.244,success,,3590.98
10.0.27.113,success,,3597.42
10.0.27.220,success,,3593.94
10.0.28.11,success,,3591.92
10.0.27.242,success,,3593.77
10.0.27.237,success,,3595.59
10.0.27.241,success,,3593.68
10.0.27.240,success,,3594.93
10.0.28.6,success,,3594.46
10.0.28.5,success,,3593.97
10.0.28.1,success,,3594.84
10.0.27.214,success,,3597.17
10.0.27.253,success,,3595.37
10.0.27.230,success,,3599.34
10.0.27.218,success,,3599.11
10.0.27.227,success,,3601.30
10.0.27.251,success,,3597.52
10.0.28.7,success,,3597.18
10.0.27.252,success,,3597.18
10.0.28.2,success,,3598.40
10.0.27.245,success,,3599.23
10.0.28.17,success,,3596.75
10.0.28.8,success,,3600.46
10.0.27.243,success,,3598.81
10.0.27.203,success,,3601.84
10.0.27.209,success,,3602.80
10.0.27.248,success,,3599.46
10.0.27.202,success,,3602.39
10.0.27.254,success,,3602.49
10.0.28.18,success,,3601.56
10.0.28.9,success,,3604.87
10.0.28.15,success,,3602.27
10.0.27.249,success,,3604.41
10.0.27.212,success,,3607.15
10.0.28.20,success,,3604.01
10.0.27.246,success,,3607.47
10.0.28.3,success,,3608.35
10.0.27.247,success,,3607.48
10.0.28.31,success,,3604.95
10.0.28.22,success,,3606.75
10.0.28.4,success,,3607.58
10.0.28.30,success,,3605.90
10.0.28.10,success,,3608.57
10.0.28.16,success,,3607.54
10.0.28.13,success,,3608.71
10.0.28.24,success,,3608.68
10.0.28.28,success,,3608.14
10.0.28.12,success,,3610.07
10.0.28.21,success,,3610.35
10.0.27.250,success,,3612.59
10.0.28.23,success,,3610.67
10.0.28.14,success,,3610.75
10.0.28.48,success,,3610.27
10.0.28.43,success,,3610.60
10.0.28.32,success,,3611.50
10.0.28.19,success,,3612.99
10.0.28.27,success,,3612.72
10.0.28.0,success,,3616.08
10.0.27.206,success,,3619.71
10.0.28.37,success,,3613.62
10.0.28.29,success,,3615.01
10.0.28.33,success,,3615.09
10.0.28.54,success,,3613.99
10.0.28.36,success,,3616.51
10.0.28.60,success,,3614.76
10.0.28.42,success,,3618.03
10.0.28.105,success,,3617.23
10.0.28.61,success,,3617.09
10.0.28.79,success,,3617.62
10.0.28.46,success,,3619.10
10.0.28.44,success,,3619.35
10.0.28.41,success,,3620.17
10.0.28.67,success,,3619.16
10.0.28.34,success,,3621.44
10.0.28.35,success,,3621.37
10.0.28.26,success,,3621.00
10.0.28.45,success,,3622.34
10.0.28.39,success,,3622.08
10.0.28.38,success,,3622.55
10.0.28.65,success,,3622.10
10.0.28.47,success,,3623.34
10.0.28.52,success,,3620.77
10.0.28.90,success,,3623.41
10.0.28.66,success,,3623.80
10.0.28.95,success,,3622.49
10.0.28.75,success,,3625.75
10.0.28.102,success,,3628.38
10.0.28.84,success,,3628.66
10.0.28.100,success,,3628.51
10.0.28.40,success,,3630.90
10.0.28.93,success,,3628.61
10.0.28.89,success,,3628.86
10.0.28.76,success,,3630.67
10.0.27.255,success,,3636.99
10.0.28.99,success,,3629.82
10.0.28.101,success,,3629.52
10.0.28.51,success,,3633.93
10.0.28.71,success,,3632.45
10.0.28.81,success,,3633.06
10.0.28.56,success,,3632.85
10.0.28.97,success,,3632.74
10.0.28.96,success,,3636.05
10.0.28.57,success,,3636.83
10.0.28.85,success,,3635.52
10.0.28.94,success,,3636.36
10.0.28.72,success,,3637.50
10.0.28.88,success,,3635.46
10.0.28.91,success,,3636.51
10.0.28.58,success,,3637.34
10.0.28.62,success,,3639.49
10.0.28.111,success,,3636.26
10.0.28.55,success,,3639.34
10.0.28.78,success,,3637.95
10.0.28.103,success,,3639.13
10.0.28.109,success,,3637.93
10.0.28.73,success,,3640.65
10.0.28.64,success,,3641.54
10.0.28.83,success,,3639.36
10.0.28.63,success,,3642.62
10.0.28.53,success,,3642.43
10.0.28.25,success,,3645.18
10.0.28.92,success,,3642.06
10.0.28.77,success,,3644.77
10.0.28.70,success,,3642.39
10.0.28.59,success,,3642.69
10.0.28.82,success,,3642.81
10.0.28.113,success,,3642.14
10.0.28.69,success,,3644.87
10.0.28.87,success,,3646.51
10.0.28.98,success,,3644.47
10.0.28.115,success,,3643.57
10.0.28.80,success,,3644.76
10.0.28.106,success,,3644.50
10.0.28.108,success,,3645.36
10.0.28.74,success,,3646.71
10.0.28.110,success,,3646.16
10.0.28.68,success,,3646.90
10.0.28.107,success,,3647.71
10.0.28.86,success,,3652.24
10.0.28.126,success,,3648.31
10.0.155.93,success,,3787.31
10.0.129.124,failure,fetch failed,10526.15
10.0.129.125,failure,fetch failed,10526.31
10.0.200.20,failure,fetch failed,10530.52
10.0.15.249,failure,fetch failed,10500.41
10.0.161.56,failure,fetch failed,10500.24
10.0.43.159,failure,fetch failed,10500.00
10.0.26.238,failure,fetch failed,10483.86
10.0.26.164,failure,fetch failed,10483.39
10.0.26.215,failure,fetch failed,10480.69
10.0.28.104,failure,fetch failed,10463.38